Year,GeoTypeName,Borough,Geography,Geography ID,Indicator Name,Number,Percent of Households,Notes Number,Notes Percent of Households
2013-17,Citywide,New York City, New York City,1,Crowding (> 1 person/room),"282,729",9,,
2013-17,Borough,Bronx, Bronx,1,Crowding (> 1 person/room),"61,179",12.3,,
2013-17,Borough,Brooklyn, Brooklyn,2,Crowding (> 1 person/room),"98,163",10.4,,
2013-17,Borough,Manhattan, Manhattan,3,Crowding (> 1 person/room),"43,307",5.7,,
2013-17,Borough,Queens, Queens,4,Crowding (> 1 person/room),"73,236",9.4,,
2013-17,Borough,Staten Island, Staten Island,5,Crowding (> 1 person/room),"6,844",4.1,,
2013-17,Neighborhood (UHF 42),Queens, Bayside - Little Neck,404,Crowding (> 1 person/room),"1,228",3.7,,
2013-17,Neighborhood (UHF 42),Brooklyn, Bedford Stuyvesant - Crown Heights,203,Crowding (> 1 person/room),"8,759",6.6,,
2013-17,Neighborhood (UHF 42),Brooklyn, Bensonhurst - Bay Ridge,209,Crowding (> 1 person/room),"8,001",10.5,,
2013-17,Neighborhood (UHF 42),Brooklyn, Borough Park,206,Crowding (> 1 person/room),"18,069",17.2,,
2013-17,Neighborhood (UHF 42),Brooklyn, Canarsie - Flatlands,208,Crowding (> 1 person/room),"4,598",6.4,,
2013-17,Neighborhood (UHF 42),Manhattan, Central Harlem - Morningside Heights,302,Crowding (> 1 person/room),"4,275",5.9,,
2013-17,Neighborhood (UHF 42),Manhattan, Chelsea - Clinton,306,Crowding (> 1 person/room),"3,569",4.1,,
2013-17,Neighborhood (UHF 42),Brooklyn, Coney Island - Sheepshead Bay,210,Crowding (> 1 person/room),"10,857",9.9,,
2013-17,Neighborhood (UHF 42),Bronx, Crotona -Tremont,105,Crowding (> 1 person/room),"11,012",15.3,,
2013-17,Neighborhood (UHF 42),Brooklyn, Downtown - Heights - Slope,202,Crowding (> 1 person/room),"6,331",6.1,,
2013-17,Neighborhood (UHF 42),Brooklyn, East Flatbush - Flatbush,207,Crowding (> 1 person/room),"11,130",10.1,,
2013-17,Neighborhood (UHF 42),Manhattan, East Harlem,303,Crowding (> 1 person/room),"3,481",7.6,,
2013-17,Neighborhood (UHF 42),Brooklyn, East New York,204,Crowding (> 1 person/room),"8,864",13.8,,
2013-17,Neighborhood (UHF 42),Queens, Flushing - Clearview,403,Crowding (> 1 person/room),"7,945",8.7,,
2013-17,Neighborhood (UHF 42),Bronx, Fordham - Bronx Pk,103,Crowding (> 1 person/room),"15,008",16.8,,
2013-17,Neighborhood (UHF 42),Queens, Fresh Meadows,406,Crowding (> 1 person/room),"2,877",8.3,,
2013-17,Neighborhood (UHF 42),Manhattan, Gramercy Park - Murray Hill,307,Crowding (> 1 person/room),"2,883",4,,
2013-17,Neighborhood (UHF 42),Brooklyn, Greenpoint,201,Crowding (> 1 person/room),"4,622",8.2,,
2013-17,Neighborhood (UHF 42),Manhattan, Greenwich Village - SoHo,308,Crowding (> 1 person/room),"2,523",5.9,,
2013-17,Neighborhood (UHF 42),Bronx, High Bridge - Morrisania,106,Crowding (> 1 person/room),"11,507",15.4,,
2013-17,Neighborhood (UHF 42),Bronx, Hunts Point - Mott Haven,107,Crowding (> 1 person/room),"5,848",12.5,,
2013-17,Neighborhood (UHF 42),Queens, Jamaica,408,Crowding (> 1 person/room),"10,174",10.7,,
2013-17,Neighborhood (UHF 42),Bronx, Kingsbridge - Riverdale,101,Crowding (> 1 person/room),"2,525",6.8,,
2013-17,Neighborhood (UHF 42),Queens, Long Island City - Astoria,401,Crowding (> 1 person/room),"6,313",7.1,,
2013-17,Neighborhood (UHF 42),Manhattan, Lower Manhattan,310,Crowding (> 1 person/room),"2,196",7.9,,
2013-17,Neighborhood (UHF 42),Bronx, Northeast Bronx,102,Crowding (> 1 person/room),"5,474",7.8,,
2013-17,Neighborhood (UHF 42),Bronx, Pelham - Throgs Neck,104,Crowding (> 1 person/room),"10,206",9.4,,
2013-17,Neighborhood (UHF 42),Staten Island, Port Richmond,501,Crowding (> 1 person/room),"1,417",6.2,,
2013-17,Neighborhood (UHF 42),Queens, Ridgewood - Forest Hills,405,Crowding (> 1 person/room),"6,357",6.3,,
2013-17,Neighborhood (UHF 42),Queens, Rockaways,410,Crowding (> 1 person/room),"3,029",7.4,,
2013-17,Neighborhood (UHF 42),Staten Island, South Beach - Tottenville,504,Crowding (> 1 person/room),"1,405",2.1,,
2013-17,Neighborhood (UHF 42),Queens, Southeast Queens,409,Crowding (> 1 person/room),"3,289",4,,
2013-17,Neighborhood (UHF 42),Queens, Southwest Queens,407,Crowding (> 1 person/room),"7,392",8.8,,
2013-17,Neighborhood (UHF 42),Staten Island, Stapleton - St. George,502,Crowding (> 1 person/room),"2,575",5.9,,
2013-17,Neighborhood (UHF 42),Brooklyn, Sunset Park,205,Crowding (> 1 person/room),"8,508",22.6,,
2013-17,Neighborhood (UHF 42),Manhattan, Union Square - Lower East Side,309,Crowding (> 1 person/room),"5,097",5.7,,
2013-17,Neighborhood (UHF 42),Manhattan, Upper East Side,305,Crowding (> 1 person/room),"4,537",3.9,,
2013-17,Neighborhood (UHF 42),Manhattan, Upper West Side,304,Crowding (> 1 person/room),"3,067",2.9,,
2013-17,Neighborhood (UHF 42),Manhattan, Washington Heights,301,Crowding (> 1 person/room),"11,278",11.9,,
2013-17,Neighborhood (UHF 42),Queens, West Queens,402,Crowding (> 1 person/room),"25,085",17.2,,
2013-17,Neighborhood (UHF 42),Brooklyn, Williamsburg - Bushwick,211,Crowding (> 1 person/room),"8,424",10.9,,
2013-17,Neighborhood (UHF 42),Staten Island, Willowbrook,503,Crowding (> 1 person/room),"1,447",4.6,,
2013-17,Neighborhood (Sub-borough/PUMA),Queens,borough/PUMA) - Astoria,39,Crowding (> 1 person/room),"4,656",6.4,,
2013-17,Neighborhood (Sub-borough/PUMA),Brooklyn,borough/PUMA) - Bay Ridge,20,Crowding (> 1 person/room),"5,025",10.5,,
2013-17,Neighborhood (Sub-borough/PUMA),Queens,borough/PUMA) - Bayside/Little Neck,49,Crowding (> 1 person/room),"1,467",3.4,,
2013-17,Neighborhood (Sub-borough/PUMA),Brooklyn,borough/PUMA) - Bedford Stuyvesant,13,Crowding (> 1 person/room),"4,417",8.5,,
2013-17,Neighborhood (Sub-borough/PUMA),Queens,borough/PUMA) - Bellerose/Rosedale,51,Crowding (> 1 person/room),"2,877",4.8,,
2013-17,Neighborhood (Sub-borough/PUMA),Brooklyn,borough/PUMA) - Bensonhurst,21,Crowding (> 1 person/room),"8,615",13.5,,
2013-17,Neighborhood (Sub-borough/PUMA),Brooklyn,borough/PUMA) - Borough Park,22,Crowding (> 1 person/room),"9,295",20.3,,
2013-17,Neighborhood (Sub-borough/PUMA),Brooklyn,borough/PUMA) - Brooklyn Heights/Fort Greene,12,Crowding (> 1 person/room),"3,551",6.1,,
2013-17,Neighborhood (Sub-borough/PUMA),Brooklyn,borough/PUMA) - Brownsville/Ocean Hill,26,Crowding (> 1 person/room),"3,301",7.4,,
2013-17,Neighborhood (Sub-borough/PUMA),Brooklyn,borough/PUMA) - Bushwick,14,Crowding (> 1 person/room),"5,335",11.6,,
2013-17,Neighborhood (Sub-borough/PUMA),Manhattan,borough/PUMA) - Central Harlem,36,Crowding (> 1 person/room),"3,496",6.2,,
2013-17,Neighborhood (Sub-borough/PUMA),Manhattan,borough/PUMA) - Chelsea/Clinton/Midtown,31,Crowding (> 1 person/room),"3,507",4.1,,
2013-17,Neighborhood (Sub-borough/PUMA),Brooklyn,borough/PUMA) - Coney Island,23,Crowding (> 1 person/room),"4,394",9.6,,
2013-17,Neighborhood (Sub-borough/PUMA),Brooklyn,borough/PUMA) - East Flatbush,27,Crowding (> 1 person/room),"4,031",8.2,,
2013-17,Neighborhood (Sub-borough/PUMA),Manhattan,borough/PUMA) - East Harlem,37,Crowding (> 1 person/room),"3,812",7.7,,
2013-17,Neighborhood (Sub-borough/PUMA),Brooklyn,borough/PUMA) - East New York/Starret City,15,Crowding (> 1 person/room),"7,798",14.3,,
2013-17,Neighborhood (Sub-borough/PUMA),Queens,borough/PUMA) - Elmhurst/Corona,42,Crowding (> 1 person/room),"9,362",22,,
2013-17,Neighborhood (Sub-borough/PUMA),Brooklyn,borough/PUMA) - Flatbush,24,Crowding (> 1 person/room),"7,947",13.8,,
2013-17,Neighborhood (Sub-borough/PUMA),Brooklyn,borough/PUMA) - Flatlands/Canarsie,28,Crowding (> 1 person/room),"5,029",7.3,,
2013-17,Neighborhood (Sub-borough/PUMA),Queens,borough/PUMA) - Flushing/Whitestone,45,Crowding (> 1 person/room),"8,016",9.2,,
2013-17,Neighborhood (Sub-borough/PUMA),Queens,borough/PUMA) - Forest Hills/Rego Park,44,Crowding (> 1 person/room),"3,634",7,,
2013-17,Neighborhood (Sub-borough/PUMA),Manhattan,borough/PUMA) - Greenwich Village/Financial District,29,Crowding (> 1 person/room),"4,429",5.7,,
2013-17,Neighborhood (Sub-borough/PUMA),Bronx,borough/PUMA) - Highbridge/South Concourse,3,Crowding (> 1 person/room),"8,174",16.7,,
2013-17,Neighborhood (Sub-borough/PUMA),Queens,borough/PUMA) - Hillcrest/Fresh Meadows,46,Crowding (> 1 person/room),"5,537",10,,
2013-17,Neighborhood (Sub-borough/PUMA),Queens,borough/PUMA) - Howard Beach/South Ozone Park,48,Crowding (> 1 person/room),"3,044",7.7,,
2013-17,Neighborhood (Sub-borough/PUMA),Queens,borough/PUMA) - Jackson Heights,41,Crowding (> 1 person/room),"10,061",18.7,,
2013-17,Neighborhood (Sub-borough/PUMA),Queens,borough/PUMA) - Jamaica,50,Crowding (> 1 person/room),"7,163",10.1,,
2013-17,Neighborhood (Sub-borough/PUMA),Queens,borough/PUMA) - Kew Gardens/Woodhaven,47,Crowding (> 1 person/room),"4,348",9.7,,
2013-17,Neighborhood (Sub-borough/PUMA),Bronx,borough/PUMA) - Kingsbridge Heights/Mosholu,5,Crowding (> 1 person/room),"7,924",17.6,,
2013-17,Neighborhood (Sub-borough/PUMA),Manhattan,borough/PUMA) - Lower East Side/Chinatown,30,Crowding (> 1 person/room),"4,935",6.8,,
2013-17,Neighborhood (Sub-borough/PUMA),Staten Island,borough/PUMA) - Mid Island,54,Crowding (> 1 person/room),"2,183",4.6,,
2013-17,Neighborhood (Sub-borough/PUMA),Queens,borough/PUMA) - Middle Village/Ridgewood,43,Crowding (> 1 person/room),"3,647",5.9,,
2013-17,Neighborhood (Sub-borough/PUMA),Manhattan,borough/PUMA) - Morningside Heights/Hamilton Heights,35,Crowding (> 1 person/room),"2,906",6.2,,
2013-17,Neighborhood (Sub-borough/PUMA),Bronx,borough/PUMA) - Morrisania/East Tremont,2,Crowding (> 1 person/room),"7,995",13.9,,
2013-17,Neighborhood (Sub-borough/PUMA),Bronx,borough/PUMA) - Mott Haven/Hunts Point,1,Crowding (> 1 person/room),"6,346",12.5,,
2013-17,Neighborhood (Sub-borough/PUMA),Brooklyn,borough/PUMA) - N. Crown Heights/Prospect Heights,18,Crowding (> 1 person/room),"3,084",5.8,,
2013-17,Neighborhood (Sub-borough/PUMA),Staten Island,borough/PUMA) - North Shore,53,Crowding (> 1 person/room),"3,575",5.9,,
2013-17,Neighborhood (Sub-borough/PUMA),Brooklyn,borough/PUMA) - Park Slope/Carroll Gardens,16,Crowding (> 1 person/room),"2,458",5,,
2013-17,Neighborhood (Sub-borough/PUMA),Bronx,borough/PUMA) - Pelham Parkway,9,Crowding (> 1 person/room),"4,685",10.5,,
2013-17,Neighborhood (Sub-borough/PUMA),Bronx,borough/PUMA) - Riverdale/Kingsbridge,6,Crowding (> 1 person/room),"3,959",9.3,,
2013-17,Neighborhood (Sub-borough/PUMA),Queens,borough/PUMA) - Rockaways,52,Crowding (> 1 person/room),"3,029",7.4,,
2013-17,Neighborhood (Sub-borough/PUMA),Brooklyn,borough/PUMA) - Sheepshead Bay/Gravesend,25,Crowding (> 1 person/room),"5,336",9.4,,
2013-17,Neighborhood (Sub-borough/PUMA),Bronx,borough/PUMA) - Soundview/Parkchester,7,Crowding (> 1 person/room),"7,118",11,,
2013-17,Neighborhood (Sub-borough/PUMA),Brooklyn,borough/PUMA) - South Crown Heights,19,Crowding (> 1 person/room),"4,004",9.6,,
2013-17,Neighborhood (Sub-borough/PUMA),Staten Island,borough/PUMA) - South Shore,55,Crowding (> 1 person/room),"1,086",1.9,,
2013-17,Neighborhood (Sub-borough/PUMA),Manhattan,borough/PUMA) - Stuyvesant Town/Turtle Bay,32,Crowding (> 1 person/room),"3,256",4.1,,
2013-17,Neighborhood (Sub-borough/PUMA),Queens,borough/PUMA) - Sunnyside/Woodside,40,Crowding (> 1 person/room),"6,395",12.2,,
2013-17,Neighborhood (Sub-borough/PUMA),Brooklyn,borough/PUMA) - Sunset Park,17,Crowding (> 1 person/room),"8,963",19.7,,
2013-17,Neighborhood (Sub-borough/PUMA),Bronx,borough/PUMA) - Throgs Neck/Co-op City,8,Crowding (> 1 person/room),"2,492",5.2,,
2013-17,Neighborhood (Sub-borough/PUMA),Bronx,borough/PUMA) - University Heights/Fordham,4,Crowding (> 1 person/room),"8,008",17.7,,
2013-17,Neighborhood (Sub-borough/PUMA),Manhattan,borough/PUMA) - Upper East Side,34,Crowding (> 1 person/room),"4,405",3.8,,
2013-17,Neighborhood (Sub-borough/PUMA),Manhattan,borough/PUMA) - Upper West Side,33,Crowding (> 1 person/room),"2,876",2.9,,
2013-17,Neighborhood (Sub-borough/PUMA),Manhattan,borough/PUMA) - Washington Heights/Inwood,38,Crowding (> 1 person/room),"9,685",12.8,,
2013-17,Neighborhood (Sub-borough/PUMA),Bronx,borough/PUMA) - Williamsbridge/Baychester,10,Crowding (> 1 person/room),"4,478",9.2,,
2013-17,Neighborhood (Sub-borough/PUMA),Brooklyn,borough/PUMA) - Williamsburg/Greenpoint,11,Crowding (> 1 person/room),"5,580",8.7,,
2013-17,Neighborhood (Community District),Brooklyn, Bay Ridge and Dyker Heights (CD10),310,Crowding (> 1 person/room),"5,025",10.5,,
2013-17,Neighborhood (Community District),Queens, Bayside and Little Neck (CD11),411,Crowding (> 1 person/room),"1,467",3.4,,
2013-17,Neighborhood (Community District),Brooklyn, Bedford Stuyvesant (CD3),303,Crowding (> 1 person/room),"4,417",8.5,,
2013-17,Neighborhood (Community District),Bronx, Belmont and East Tremont (CD6),206,Crowding (> 1 person/room),"7,995",13.9,,
2013-17,Neighborhood (Community District),Brooklyn, Bensonhurst (CD11),311,Crowding (> 1 person/room),"8,615",13.5,,
2013-17,Neighborhood (Community District),Brooklyn, Borough Park (CD12),312,Crowding (> 1 person/room),"9,295",20.3,,
2013-17,Neighborhood (Community District),Brooklyn, Brownsville (CD16),316,Crowding (> 1 person/room),"3,301",7.4,,
2013-17,Neighborhood (Community District),Brooklyn, Bushwick (CD4),304,Crowding (> 1 person/room),"5,335",11.6,,
2013-17,Neighborhood (Community District),Manhattan, Central Harlem (CD10),110,Crowding (> 1 person/room),"3,496",6.2,,
2013-17,Neighborhood (Community District),Manhattan, Clinton and Chelsea (CD4),104,Crowding (> 1 person/room),"3,507",4.1,,
2013-17,Neighborhood (Community District),Brooklyn, Coney Island (CD13),313,Crowding (> 1 person/room),"4,394",9.6,,
2013-17,Neighborhood (Community District),Brooklyn, Crown Heights and Prospect Heights (CD8),308,Crowding (> 1 person/room),"3,084",5.8,,
2013-17,Neighborhood (Community District),Brooklyn, East Flatbush (CD17),317,Crowding (> 1 person/room),"4,031",8.2,,
2013-17,Neighborhood (Community District),Manhattan, East Harlem (CD11),111,Crowding (> 1 person/room),"3,812",7.7,,
2013-17,Neighborhood (Community District),Brooklyn, East New York and Starrett City (CD5),305,Crowding (> 1 person/room),"7,798",14.3,,
2013-17,Neighborhood (Community District),Queens, Elmhurst and Corona (CD4),404,Crowding (> 1 person/room),"9,362",22,,
2013-17,Neighborhood (Community District),Manhattan, Financial District (CD1),101,Crowding (> 1 person/room),"4,429",5.7,,
2013-17,Neighborhood (Community District),Brooklyn, Flatbush and Midwood (CD14),314,Crowding (> 1 person/room),"7,947",13.8,,
2013-17,Neighborhood (Community District),Brooklyn, Flatlands and Canarsie (CD18),318,Crowding (> 1 person/room),"5,029",7.3,,
2013-17,Neighborhood (Community District),Queens, Flushing and Whitestone (CD7),407,Crowding (> 1 person/room),"8,016",9.2,,
2013-17,Neighborhood (Community District),Bronx, Fordham and University Heights (CD5),205,Crowding (> 1 person/room),"8,008",17.7,,
2013-17,Neighborhood (Community District),Brooklyn, Fort Greene and Brooklyn Heights (CD2),302,Crowding (> 1 person/room),"3,551",6.1,,
2013-17,Neighborhood (Community District),Brooklyn, Greenpoint and Williamsburg (CD1),301,Crowding (> 1 person/room),"5,580",8.7,,
2013-17,Neighborhood (Community District),Manhattan, Greenwich Village and Soho (CD2),102,Crowding (> 1 person/room),"4,429",5.7,,
2013-17,Neighborhood (Community District),Bronx, Highbridge and Concourse (CD4),204,Crowding (> 1 person/room),"8,174",16.7,,
2013-17,Neighborhood (Community District),Queens, Hillcrest and Fresh Meadows (CD8),408,Crowding (> 1 person/room),"5,537",10,,
2013-17,Neighborhood (Community District),Bronx, Hunts Point and Longwood (CD2),202,Crowding (> 1 person/room),"6,346",12.5,,
2013-17,Neighborhood (Community District),Queens, Jackson Heights (CD3),403,Crowding (> 1 person/room),"10,061",18.7,,
2013-17,Neighborhood (Community District),Queens, Jamaica and Hollis (CD12),412,Crowding (> 1 person/room),"7,163",10.1,,
2013-17,Neighborhood (Community District),Queens, Kew Gardens and Woodhaven (CD9),409,Crowding (> 1 person/room),"4,348",9.7,,
2013-17,Neighborhood (Community District),Bronx, Kingsbridge Heights and Bedford (CD7),207,Crowding (> 1 person/room),"7,924",17.6,,
2013-17,Neighborhood (Community District),Queens, Long Island City and Astoria (CD1),401,Crowding (> 1 person/room),"4,656",6.4,,
2013-17,Neighborhood (Community District),Manhattan, Lower East Side and Chinatown (CD3),103,Crowding (> 1 person/room),"4,935",6.8,,
2013-17,Neighborhood (Community District),Manhattan, Midtown (CD5),105,Crowding (> 1 person/room),"3,507",4.1,,
2013-17,Neighborhood (Community District),Manhattan, Morningside Heights and Hamilton Heights (CD9),109,Crowding (> 1 person/room),"2,906",6.2,,
2013-17,Neighborhood (Community District),Bronx, Morris Park and Bronxdale (CD11),211,Crowding (> 1 person/room),"4,685",10.5,,
2013-17,Neighborhood (Community District),Bronx, Morrisania and Crotona (CD3),203,Crowding (> 1 person/room),"7,995",13.9,,
2013-17,Neighborhood (Community District),Bronx, Mott Haven and Melrose (CD1),201,Crowding (> 1 person/room),"6,346",12.5,,
2013-17,Neighborhood (Community District),Brooklyn, Park Slope and Carroll Gardens (CD6),306,Crowding (> 1 person/room),"2,458",5,,
2013-17,Neighborhood (Community District),Bronx, Parkchester and Soundview (CD9),209,Crowding (> 1 person/room),"7,118",11,,
2013-17,Neighborhood (Community District),Queens, Queens Village (CD13),413,Crowding (> 1 person/room),"2,877",4.8,,
2013-17,Neighborhood (Community District),Queens, Rego Park and Forest Hills (CD6),406,Crowding (> 1 person/room),"3,634",7,,
2013-17,Neighborhood (Community District),Queens, Ridgewood and Maspeth (CD5),405,Crowding (> 1 person/room),"3,647",5.9,,
2013-17,Neighborhood (Community District),Bronx, Riverdale and Fieldston (CD8),208,Crowding (> 1 person/room),"3,959",9.3,,
2013-17,Neighborhood (Community District),Queens, Rockaway and Broad Channel (CD14),414,Crowding (> 1 person/room),"3,029",7.4,,
2013-17,Neighborhood (Community District),Brooklyn, Sheepshead Bay (CD15),315,Crowding (> 1 person/room),"5,336",9.4,,
2013-17,Neighborhood (Community District),Staten Island, South Beach and Willowbrook (CD2),502,Crowding (> 1 person/room),"2,183",4.6,,
2013-17,Neighborhood (Community District),Brooklyn, South Crown Heights and Lefferts Gardens (CD9),309,Crowding (> 1 person/room),"4,004",9.6,,
2013-17,Neighborhood (Community District),Queens, South Ozone Park and Howard Beach (CD10),410,Crowding (> 1 person/room),"3,044",7.7,,
2013-17,Neighborhood (Community District),Staten Island, St. George and Stapleton (CD1),501,Crowding (> 1 person/room),"3,575",5.9,,
2013-17,Neighborhood (Community District),Manhattan, Stuyvesant Town and Turtle Bay (CD6),106,Crowding (> 1 person/room),"3,256",4.1,,
2013-17,Neighborhood (Community District),Brooklyn, Sunset Park (CD7),307,Crowding (> 1 person/room),"8,963",19.7,,
2013-17,Neighborhood (Community District),Bronx, Throgs Neck and Co-op City (CD10),210,Crowding (> 1 person/room),"2,492",5.2,,
2013-17,Neighborhood (Community District),Staten Island, Tottenville and Great Kills (CD3),503,Crowding (> 1 person/room),"1,086",1.9,,
2013-17,Neighborhood (Community District),Manhattan, Upper East Side (CD8),108,Crowding (> 1 person/room),"4,405",3.8,,
2013-17,Neighborhood (Community District),Manhattan, Upper West Side (CD7),107,Crowding (> 1 person/room),"2,876",2.9,,
2013-17,Neighborhood (Community District),Manhattan, Washington Heights and Inwood (CD12),112,Crowding (> 1 person/room),"9,685",12.8,,
2013-17,Neighborhood (Community District),Bronx, Williamsbridge and Baychester (CD12),212,Crowding (> 1 person/room),"4,478",9.2,,
2013-17,Neighborhood (Community District),Queens, Woodside and Sunnyside (CD2),402,Crowding (> 1 person/room),"6,395",12.2,,
2013-17,Neighborhood (NTA),Bronx, Allerton-Pelham Gardens,531,Crowding (> 1 person/room),719,7.6,,
2013-17,Neighborhood (NTA),Staten Island, Annadale-Huguenot-Prince's Bay-Eltingville,8501,Crowding (> 1 person/room),149,1.5,,
2013-17,Neighborhood (NTA),Staten Island, Arden Heights,8548,Crowding (> 1 person/room),187,2.1,,
2013-17,Neighborhood (NTA),Queens, Astoria,8170,Crowding (> 1 person/room),"1,954",5.8,,
2013-17,Neighborhood (NTA),Queens, Auburndale,8148,Crowding (> 1 person/room),171,2.5,,
2013-17,Neighborhood (NTA),Queens, Baisley Park,8176,Crowding (> 1 person/room),910,8.2,,
2013-17,Neighborhood (NTA),Brooklyn, Bath Beach,4727,Crowding (> 1 person/room),"1,219",10.9,,
2013-17,Neighborhood (NTA),Manhattan, Battery Park City-Lower Manhattan,6125,Crowding (> 1 person/room),"1,829",8.3,,
2013-17,Neighborhood (NTA),Brooklyn, Bay Ridge,4731,Crowding (> 1 person/room),"3,066",9.2,,
2013-17,Neighborhood (NTA),Queens, Bayside-Bayside Hills,8146,Crowding (> 1 person/room),533,3.4,,
2013-17,Neighborhood (NTA),Brooklyn, Bedford,4775,Crowding (> 1 person/room),"2,985",11.4,,
2013-17,Neighborhood (NTA),Bronx, Bedford Park-Fordham North,505,Crowding (> 1 person/room),"3,231",16.7,,
2013-17,Neighborhood (NTA),Queens, Bellerose,8143,Crowding (> 1 person/room),416,5,,
2013-17,Neighborhood (NTA),Bronx, Belmont,506,Crowding (> 1 person/room),"1,596",17.3,,
2013-17,Neighborhood (NTA),Brooklyn, Bensonhurst East,4729,Crowding (> 1 person/room),"2,804",12.5,,
2013-17,Neighborhood (NTA),Brooklyn, Bensonhurst West,4728,Crowding (> 1 person/room),"4,592",15.3,,
2013-17,Neighborhood (NTA),Brooklyn, Borough Park,4788,Crowding (> 1 person/room),"6,465",24.2,,
2013-17,Neighborhood (NTA),Queens, Breezy Point-Belle Harbor-Rockaway Park-Broad Channel,8110,Crowding (> 1 person/room),423,3.9,,
2013-17,Neighborhood (NTA),Queens, Briarwood-Jamaica Hills,8135,Crowding (> 1 person/room),"2,042",14.4,,
2013-17,Neighborhood (NTA),Brooklyn, Brighton Beach,4719,Crowding (> 1 person/room),"2,194",15.1,,
2013-17,Neighborhood (NTA),Bronx, Bronxdale,507,Crowding (> 1 person/room),"1,577",11.2,,
2013-17,Neighborhood (NTA),Brooklyn, Brooklyn Heights-Cobble Hill,4709,Crowding (> 1 person/room),406,3.6,,
2013-17,Neighborhood (NTA),Brooklyn, Brownsville,4781,Crowding (> 1 person/room),"1,445",6.7,,
2013-17,Neighborhood (NTA),Brooklyn, Bushwick North,4777,Crowding (> 1 person/room),"2,892",14.9,,
2013-17,Neighborhood (NTA),Brooklyn, Bushwick South,4778,Crowding (> 1 person/room),"2,443",9.2,,
2013-17,Neighborhood (NTA),Queens, Cambria Heights,8133,Crowding (> 1 person/room),118,1.9,,
2013-17,Neighborhood (NTA),Brooklyn, Canarsie,4750,Crowding (> 1 person/room),"2,053",7.1,,
2013-17,Neighborhood (NTA),Brooklyn, Carroll Gardens-Columbia Street-Red Hook,4733,Crowding (> 1 person/room),"1,122",6.2,,
2013-17,Neighborhood (NTA),Manhattan, Central Harlem North-Polo Grounds,6103,Crowding (> 1 person/room),"2,423",6.7,,
2013-17,Neighborhood (NTA),Manhattan, Central Harlem South,6111,Crowding (> 1 person/room),"1,073",5.4,,
2013-17,Neighborhood (NTA),Staten Island, Charleston-Richmond Valley-Tottenville,8511,Crowding (> 1 person/room),224,2.8,,
2013-17,Neighborhood (NTA),Manhattan, Chinatown,6127,Crowding (> 1 person/room),"2,409",13,,
2013-17,Neighborhood (NTA),Bronx, Claremont-Bathgate,501,Crowding (> 1 person/room),"1,775",16.1,,
2013-17,Neighborhood (NTA),Manhattan, Clinton,6115,Crowding (> 1 person/room),"1,111",4,,
2013-17,Neighborhood (NTA),Brooklyn, Clinton Hill,4769,Crowding (> 1 person/room),858,5.3,,
2013-17,Neighborhood (NTA),Queens, College Point,8123,Crowding (> 1 person/room),589,7.6,,
2013-17,Neighborhood (NTA),Bronx, Co-op City,513,Crowding (> 1 person/room),"1,176",6,,
2013-17,Neighborhood (NTA),Queens, Corona,8125,Crowding (> 1 person/room),"3,924",24,,
2013-17,Neighborhood (NTA),Bronx, Crotona Park East,575,Crowding (> 1 person/room),950,12.2,,
2013-17,Neighborhood (NTA),Brooklyn, Crown Heights North,4761,Crowding (> 1 person/room),"2,741",6.2,,
2013-17,Neighborhood (NTA),Brooklyn, Crown Heights South,4763,Crowding (> 1 person/room),"1,324",8.8,,
2013-17,Neighborhood (NTA),Brooklyn, Cypress Hills-City Line,4783,Crowding (> 1 person/room),"3,004",20.7,,
2013-17,Neighborhood (NTA),Queens, Douglas Manor-Douglaston-Little Neck,8145,Crowding (> 1 person/room),307,3.1,,
2013-17,Neighborhood (NTA),Brooklyn, DUMBO-Vinegar Hill-Downtown Brooklyn-Boerum Hill,4738,Crowding (> 1 person/room),"1,493",8.2,,
2013-17,Neighborhood (NTA),Brooklyn, Dyker Heights,4730,Crowding (> 1 person/room),"1,959",13.3,,
2013-17,Neighborhood (NTA),Bronx, East Concourse-Concourse Village,514,Crowding (> 1 person/room),"3,781",16.9,,
2013-17,Neighborhood (NTA),Queens, East Elmhurst,8127,Crowding (> 1 person/room),"1,004",17.2,,
2013-17,Neighborhood (NTA),Brooklyn, East Flatbush-Farragut,4791,Crowding (> 1 person/room),"1,404",7.6,,
2013-17,Neighborhood (NTA),Queens, East Flushing,8152,Crowding (> 1 person/room),688,8.4,,
2013-17,Neighborhood (NTA),Manhattan, East Harlem North,6134,Crowding (> 1 person/room),"2,100",8.4,,
2013-17,Neighborhood (NTA),Manhattan, East Harlem South,6133,Crowding (> 1 person/room),"1,712",7,,
2013-17,Neighborhood (NTA),Brooklyn, East New York,4782,Crowding (> 1 person/room),"4,689",14,,
2013-17,Neighborhood (NTA),Brooklyn, East New York (Pennsylvania Ave),4785,Crowding (> 1 person/room),777,7.6,,
2013-17,Neighborhood (NTA),Bronx, East Tremont,517,Crowding (> 1 person/room),"1,749",11.5,,
2013-17,Neighborhood (NTA),Manhattan, East Village,6122,Crowding (> 1 person/room),923,4.2,,
2013-17,Neighborhood (NTA),Brooklyn, East Williamsburg,4790,Crowding (> 1 person/room),907,5.6,,
2013-17,Neighborhood (NTA),Bronx, Eastchester-Edenwald-Baychester,503,Crowding (> 1 person/room),"1,312",11.2,,
2013-17,Neighborhood (NTA),Queens, Elmhurst,8129,Crowding (> 1 person/room),"5,438",20.7,,
2013-17,Neighborhood (NTA),Queens, Elmhurst-Maspeth,8150,Crowding (> 1 person/room),"1,206",15.4,,
2013-17,Neighborhood (NTA),Brooklyn, Erasmus,4795,Crowding (> 1 person/room),"1,208",11.9,,
2013-17,Neighborhood (NTA),Queens, Far Rockaway-Bayswater,8115,Crowding (> 1 person/room),"1,714",10.1,,
2013-17,Neighborhood (NTA),Brooklyn, Flatbush,4742,Crowding (> 1 person/room),"5,656",14.7,,
2013-17,Neighborhood (NTA),Brooklyn, Flatlands,4758,Crowding (> 1 person/room),"2,055",8.9,,
2013-17,Neighborhood (NTA),Queens, Flushing,8122,Crowding (> 1 person/room),"3,729",14.2,,
2013-17,Neighborhood (NTA),Bronx, Fordham South,540,Crowding (> 1 person/room),"1,919",21.6,,
2013-17,Neighborhood (NTA),Queens, Forest Hills,8117,Crowding (> 1 person/room),"2,538",6.4,,
2013-17,Neighborhood (NTA),Brooklyn, Fort Greene,4768,Crowding (> 1 person/room),767,6,,
2013-17,Neighborhood (NTA),Queens, Fresh Meadows-Utopia,8141,Crowding (> 1 person/room),550,8.3,,
2013-17,Neighborhood (NTA),Queens, Ft. Totten-Bay Terrace-Clearview,8147,Crowding (> 1 person/room),186,1.9,,
2013-17,Neighborhood (NTA),Brooklyn, Georgetown-Marine Park-Bergen Beach-Mill Basin,4745,Crowding (> 1 person/room),921,5.5,,
2013-17,Neighborhood (NTA),Queens, Glen Oaks-Floral Park-New Hyde Park,8144,Crowding (> 1 person/room),182,2,,
2013-17,Neighborhood (NTA),Queens, Glendale,8119,Crowding (> 1 person/room),410,3.5,,
2013-17,Neighborhood (NTA),Manhattan, Gramercy,6121,Crowding (> 1 person/room),552,3.9,,
2013-17,Neighborhood (NTA),Staten Island, Grasmere-Arrochar-Ft. Wadsworth,8514,Crowding (> 1 person/room),346,6.1,,
2013-17,Neighborhood (NTA),Brooklyn, Gravesend,4726,Crowding (> 1 person/room),"1,028",9,,
2013-17,Neighborhood (NTA),Staten Island, Great Kills,8554,Crowding (> 1 person/room),271,1.8,,
2013-17,Neighborhood (NTA),Brooklyn, Greenpoint,4776,Crowding (> 1 person/room),682,4.2,,
2013-17,Neighborhood (NTA),Staten Island, Grymes Hill-Clifton-Fox Hills,8508,Crowding (> 1 person/room),286,3.8,,
2013-17,Neighborhood (NTA),Manhattan, Hamilton Heights,6104,Crowding (> 1 person/room),"1,661",8.5,,
2013-17,Neighborhood (NTA),Queens, Hammels-Arverne-Edgemere,8112,Crowding (> 1 person/room),892,6.7,,
2013-17,Neighborhood (NTA),Bronx, Highbridge,526,Crowding (> 1 person/room),"2,135",15.9,,
2013-17,Neighborhood (NTA),Queens, Hollis,8107,Crowding (> 1 person/room),621,10.1,,
2013-17,Neighborhood (NTA),Brooklyn, Homecrest,4725,Crowding (> 1 person/room),"1,905",12.3,,
2013-17,Neighborhood (NTA),Manhattan, Hudson Yards-Chelsea-Flatiron-Union Square,6113,Crowding (> 1 person/room),"1,767",4.1,,
2013-17,Neighborhood (NTA),Queens, Hunters Point-Sunnyside-West Maspeth,8131,Crowding (> 1 person/room),"2,679",9.3,,
2013-17,Neighborhood (NTA),Bronx, Hunts Point,527,Crowding (> 1 person/room),"1,104",13.1,,
2013-17,Neighborhood (NTA),Queens, Jackson Heights,8128,Crowding (> 1 person/room),"4,822",13.4,,
2013-17,Neighborhood (NTA),Queens, Jamaica,8161,Crowding (> 1 person/room),"3,626",22.9,,
2013-17,Neighborhood (NTA),Queens, Jamaica Estates-Holliswood,8106,Crowding (> 1 person/room),807,8.7,,
2013-17,Neighborhood (NTA),Brooklyn, Kensington-Ocean Parkway,4741,Crowding (> 1 person/room),"2,082",17,,
2013-17,Neighborhood (NTA),Queens, Kew Gardens,8160,Crowding (> 1 person/room),918,9,,
2013-17,Neighborhood (NTA),Queens, Kew Gardens Hills,8137,Crowding (> 1 person/room),"1,252",9.5,,
2013-17,Neighborhood (NTA),Bronx, Kingsbridge Heights,530,Crowding (> 1 person/room),"1,758",15.9,,
2013-17,Neighborhood (NTA),Queens, Laurelton,8166,Crowding (> 1 person/room),300,3.7,,
2013-17,Neighborhood (NTA),Manhattan, Lenox Hill-Roosevelt Island,6131,Crowding (> 1 person/room),"2,185",5.1,,
2013-17,Neighborhood (NTA),Manhattan, Lincoln Square,6114,Crowding (> 1 person/room),"1,162",3.5,,
2013-17,Neighborhood (NTA),Queens, Lindenwood-Howard Beach,8157,Crowding (> 1 person/room),336,3.2,,
2013-17,Neighborhood (NTA),Bronx, Longwood,533,Crowding (> 1 person/room),"1,166",12.8,,
2013-17,Neighborhood (NTA),Manhattan, Lower East Side,6128,Crowding (> 1 person/room),"1,603",5,,
2013-17,Neighborhood (NTA),Brooklyn, Madison,4744,Crowding (> 1 person/room),"1,392",9.3,,
2013-17,Neighborhood (NTA),Manhattan, Manhattanville,6106,Crowding (> 1 person/room),694,8.2,,
2013-17,Neighborhood (NTA),Manhattan, Marble Hill-Inwood,6101,Crowding (> 1 person/room),"2,815",14.3,,
2013-17,Neighborhood (NTA),Staten Island, Mariner's Harbor-Arlington-Port Ivory-Graniteville,8512,Crowding (> 1 person/room),876,8.6,,
2013-17,Neighborhood (NTA),Queens, Maspeth,8130,Crowding (> 1 person/room),819,7.5,,
2013-17,Neighborhood (NTA),Bronx, Melrose South-Mott Haven North,534,Crowding (> 1 person/room),"1,669",11.5,,
2013-17,Neighborhood (NTA),Queens, Middle Village,8121,Crowding (> 1 person/room),574,3.9,,
2013-17,Neighborhood (NTA),Manhattan, Midtown-Midtown South,6117,Crowding (> 1 person/room),629,4.1,,
2013-17,Neighborhood (NTA),Brooklyn, Midwood,4743,Crowding (> 1 person/room),"2,291",12.2,,
2013-17,Neighborhood (NTA),Manhattan, Morningside Heights,6109,Crowding (> 1 person/room),551,2.9,,
2013-17,Neighborhood (NTA),Bronx, Morrisania-Melrose,535,Crowding (> 1 person/room),"1,912",13.7,,
2013-17,Neighborhood (NTA),Bronx, Mott Haven-Port Morris,539,Crowding (> 1 person/room),"2,201",13.1,,
2013-17,Neighborhood (NTA),Bronx, Mount Hope,541,Crowding (> 1 person/room),"3,421",19.9,,
2013-17,Neighborhood (NTA),Queens, Murray Hill,8151,Crowding (> 1 person/room),"1,682",9.5,,
2013-17,Neighborhood (NTA),Manhattan, Murray Hill-Kips Bay,6120,Crowding (> 1 person/room),"1,412",5.4,,
2013-17,Neighborhood (NTA),Staten Island, New Brighton-Silver Lake,8535,Crowding (> 1 person/room),249,4.1,,
2013-17,Neighborhood (NTA),Staten Island, New Dorp-Midland Beach,8545,Crowding (> 1 person/room),291,3.8,,
2013-17,Neighborhood (NTA),Staten Island, New Springville-Bloomfield-Travis,8505,Crowding (> 1 person/room),752,5.5,,
2013-17,Neighborhood (NTA),Queens, North Corona,8126,Crowding (> 1 person/room),"4,235",35.5,,
2013-17,Neighborhood (NTA),Bronx, North Riverdale-Fieldston-Riverdale,522,Crowding (> 1 person/room),393,3.6,,
2013-17,Neighborhood (NTA),Brooklyn, North Side-South Side,4773,Crowding (> 1 person/room),"1,749",7.3,,
2013-17,Neighborhood (NTA),Bronx, Norwood,543,Crowding (> 1 person/room),"2,935",19.9,,
2013-17,Neighborhood (NTA),Queens, Oakland Gardens,8142,Crowding (> 1 person/room),456,4.1,,
2013-17,Neighborhood (NTA),Staten Island, Oakwood-Oakwood Beach,8525,Crowding (> 1 person/room),186,2.4,,
2013-17,Neighborhood (NTA),Brooklyn, Ocean Hill,4779,Crowding (> 1 person/room),"1,079",8.3,,
2013-17,Neighborhood (NTA),Brooklyn, Ocean Parkway South,4746,Crowding (> 1 person/room),748,10.9,,
2013-17,Neighborhood (NTA),Queens, Old Astoria,8171,Crowding (> 1 person/room),895,8,,
2013-17,Neighborhood (NTA),Staten Island, Old Town-Dongan Hills-South Beach,8536,Crowding (> 1 person/room),407,4.7,,
2013-17,Neighborhood (NTA),Queens, Ozone Park,8156,Crowding (> 1 person/room),542,7.8,,
2013-17,Neighborhood (NTA),Brooklyn, Park Slope-Gowanus,4737,Crowding (> 1 person/room),"1,336",4.3,,
2013-17,Neighborhood (NTA),Bronx, Parkchester,546,Crowding (> 1 person/room),"1,372",10.8,,
2013-17,Neighborhood (NTA),Bronx, Pelham Bay-Country Club-City Island,510,Crowding (> 1 person/room),594,5.2,,
2013-17,Neighborhood (NTA),Bronx, Pelham Parkway,549,Crowding (> 1 person/room),"1,051",9.3,,
2013-17,Neighborhood (NTA),Queens, Pomonok-Flushing Heights-Hillcrest,8138,Crowding (> 1 person/room),886,7.3,,
2013-17,Neighborhood (NTA),Staten Island, Port Richmond,8528,Crowding (> 1 person/room),304,4.7,,
2013-17,Neighborhood (NTA),Brooklyn, Prospect Heights,4764,Crowding (> 1 person/room),343,3.6,,
2013-17,Neighborhood (NTA),Brooklyn, Prospect Lefferts Gardens-Wingate,4760,Crowding (> 1 person/room),"2,680",10.1,,
2013-17,Neighborhood (NTA),Queens, Queens Village,8134,Crowding (> 1 person/room),893,5.8,,
2013-17,Neighborhood (NTA),Queens, Queensboro Hill,8162,Crowding (> 1 person/room),781,13.1,,
2013-17,Neighborhood (NTA),Queens, Queensbridge-Ravenswood-Long Island City,8168,Crowding (> 1 person/room),653,8.3,,
2013-17,Neighborhood (NTA),Queens, Rego Park,8118,Crowding (> 1 person/room),"1,096",8.9,,
2013-17,Neighborhood (NTA),Queens, Richmond Hill,8154,Crowding (> 1 person/room),"1,990",11.4,,
2013-17,Neighborhood (NTA),Queens, Ridgewood,8120,Crowding (> 1 person/room),"1,844",7.6,,
2013-17,Neighborhood (NTA),Queens, Rosedale,8105,Crowding (> 1 person/room),448,5.9,,
2013-17,Neighborhood (NTA),Staten Island, Rossville-Woodrow,8532,Crowding (> 1 person/room),55,0.7,,
2013-17,Neighborhood (NTA),Brooklyn, Rugby-Remsen Village,4796,Crowding (> 1 person/room),"1,419",6.8,,
2013-17,Neighborhood (NTA),Bronx, Schuylerville-Throgs Neck-Edgewater Park,552,Crowding (> 1 person/room),709,4.3,,
2013-17,Neighborhood (NTA),Brooklyn, Seagate-Coney Island,4721,Crowding (> 1 person/room),772,6.9,,
2013-17,Neighborhood (NTA),Brooklyn, Sheepshead Bay-Gerritsen Beach-Manhattan Beach,4717,Crowding (> 1 person/room),"2,039",7.8,,
2013-17,Neighborhood (NTA),Manhattan, SoHo-TriBeCa-Civic Center-Little Italy,6124,Crowding (> 1 person/room),"1,349",6.8,,
2013-17,Neighborhood (NTA),Bronx, Soundview-Bruckner,555,Crowding (> 1 person/room),"1,882",16,,
2013-17,Neighborhood (NTA),Bronx, Soundview-Castle Hill-Clason Point-Harding Park,509,Crowding (> 1 person/room),"1,401",7.3,,
2013-17,Neighborhood (NTA),Queens, South Jamaica,8101,Crowding (> 1 person/room),997,8.2,,
2013-17,Neighborhood (NTA),Queens, South Ozone Park,8155,Crowding (> 1 person/room),"2,166",9.9,,
2013-17,Neighborhood (NTA),Queens, Springfield Gardens North,8102,Crowding (> 1 person/room),137,1.3,,
2013-17,Neighborhood (NTA),Queens, Springfield Gardens South-Brookville,8103,Crowding (> 1 person/room),520,8.8,,
2013-17,Neighborhood (NTA),Bronx, Spuyten Duyvil-Kingsbridge,529,Crowding (> 1 person/room),780,5.8,,
2013-17,Neighborhood (NTA),Queens, St. Albans,8108,Crowding (> 1 person/room),872,5.6,,
2013-17,Neighborhood (NTA),Staten Island, Stapleton-Rosebank,8537,Crowding (> 1 person/room),742,7.8,,
2013-17,Neighborhood (NTA),Brooklyn, Starrett City,4793,Crowding (> 1 person/room),105,1.6,,
2013-17,Neighborhood (NTA),Queens, Steinway,8172,Crowding (> 1 person/room),"1,154",5.9,,
2013-17,Neighborhood (NTA),Brooklyn, Stuyvesant Heights,4735,Crowding (> 1 person/room),"1,432",5.6,,
2013-17,Neighborhood (NTA),Manhattan, Stuyvesant Town-Cooper Village,6150,Crowding (> 1 person/room),429,4.1,,
2013-17,Neighborhood (NTA),Brooklyn, Sunset Park East,4734,Crowding (> 1 person/room),"5,139",26.2,,
2013-17,Neighborhood (NTA),Brooklyn, Sunset Park West,4732,Crowding (> 1 person/room),"3,453",20.7,,
2013-17,Neighborhood (NTA),Staten Island, Todt Hill-Emerson Hill-Heartland Village-Lighthouse Hill,8524,Crowding (> 1 person/room),401,3.5,,
2013-17,Neighborhood (NTA),Manhattan, Turtle Bay-East Midtown,6119,Crowding (> 1 person/room),863,3,,
2013-17,Neighborhood (NTA),Bronx, University Heights-Morris Heights,536,Crowding (> 1 person/room),"2,668",13.9,,
2013-17,Neighborhood (NTA),Manhattan, Upper East Side-Carnegie Hill,6140,Crowding (> 1 person/room),576,2,,
2013-17,Neighborhood (NTA),Manhattan, Upper West Side,6112,Crowding (> 1 person/room),"1,714",2.6,,
2013-17,Neighborhood (NTA),Bronx, Van Cortlandt Village,528,Crowding (> 1 person/room),"2,786",15.6,,
2013-17,Neighborhood (NTA),Bronx, Van Nest-Morris Park-Westchester Square,537,Crowding (> 1 person/room),"1,169",13.9,,
2013-17,Neighborhood (NTA),Manhattan, Washington Heights North,6135,Crowding (> 1 person/room),"2,913",11.2,,
2013-17,Neighborhood (NTA),Manhattan, Washington Heights South,6136,Crowding (> 1 person/room),"3,957",13.1,,
2013-17,Neighborhood (NTA),Brooklyn, West Brighton,4723,Crowding (> 1 person/room),400,4.8,,
2013-17,Neighborhood (NTA),Bronx, West Concourse,563,Crowding (> 1 person/room),"2,258",17.1,,
2013-17,Neighborhood (NTA),Bronx, West Farms-Bronx River,508,Crowding (> 1 person/room),"1,452",12.2,,
2013-17,Neighborhood (NTA),Staten Island, West New Brighton-New Brighton-St. George,8522,Crowding (> 1 person/room),896,7.4,,
2013-17,Neighborhood (NTA),Manhattan, West Village,6123,Crowding (> 1 person/room),"1,251",3.4,,
2013-17,Neighborhood (NTA),Bronx, Westchester-Unionport,559,Crowding (> 1 person/room),"1,011",11,,
2013-17,Neighborhood (NTA),Staten Island, Westerleigh,8507,Crowding (> 1 person/room),222,2.5,,
2013-17,Neighborhood (NTA),Queens, Whitestone,8149,Crowding (> 1 person/room),361,3.2,,
2013-17,Neighborhood (NTA),Bronx, Williamsbridge-Olinville,544,Crowding (> 1 person/room),"2,156",9.9,,
2013-17,Neighborhood (NTA),Brooklyn, Williamsburg,4772,Crowding (> 1 person/room),"2,242",26.9,,
2013-17,Neighborhood (NTA),Brooklyn, Windsor Terrace,4740,Crowding (> 1 person/room),371,4,,
2013-17,Neighborhood (NTA),Queens, Woodhaven,8153,Crowding (> 1 person/room),"1,440",8.4,,
2013-17,Neighborhood (NTA),Bronx, Woodlawn-Wakefield,562,Crowding (> 1 person/room),998,6.7,,
2013-17,Neighborhood (NTA),Queens, Woodside,8163,Crowding (> 1 person/room),"2,510",15.8,,
2013-17,Neighborhood (NTA),Manhattan, Yorkville,6132,Crowding (> 1 person/room),"1,644",3.8,,
